2025-04-09 15:43:10,‚ö†Ô∏è Low Suspicion: Face turned right,1
2025-04-09_15-43-10,‚ö†Ô∏è Low Suspicion: Face turned right
2025-04-09 15:43:10,‚úÖ Normal: No issues,0
2025-04-09 15:43:10,‚ö†Ô∏è Low Suspicion: Face turned right,1
2025-04-09_15-43-10,‚ö†Ô∏è Low Suspicion: Face turned right
2025-04-09 15:43:12,‚ùó Medium Suspicion: Face turned right,40
2025-04-09_15-43-12,‚ùó Medium Suspicion: Face turned right
2025-04-09 15:43:14,üö® High Suspicion: Face turned right,80
2025-04-09_15-43-14,üö® High Suspicion: Face turned right
2025-04-09 15:43:14,üö® High Suspicion: No issues,94
2025-04-09 15:43:14,‚ùó Medium Suspicion: No issues,79
2025-04-09 15:43:16,‚ö†Ô∏è Low Suspicion: No issues,39
2025-04-09_15-43-16,‚ö†Ô∏è Sustained High Suspicion (24) > 12 for 6s
2025-04-09 15:43:17,‚ö†Ô∏è Low Suspicion: Face turned right,20
2025-04-09_15-43-17,‚ö†Ô∏è Low Suspicion: Face turned right
2025-04-09 15:43:17,‚ö†Ô∏è Low Suspicion: No issues,34
2025-04-09 15:43:17,‚ö†Ô∏è Low Suspicion: Face turned right,35
2025-04-09_15-43-17,‚ö†Ô∏è Low Suspicion: Face turned right
2025-04-09 15:43:17,‚ö†Ô∏è Low Suspicion: No issues,34
2025-04-09 15:43:18,‚úÖ Normal: No issues,0
